KABUPATEN_KOTA	KECAMATAN	KELURAHAN_DESA	KODE_POS
Kabupaten Sidoarjo	Waru	Wedoro	61256
Kabupaten Sidoarjo	Waru	Ngingas	61256
Kabupaten Sidoarjo	Waru	Kureksari	61256
Kabupaten Sidoarjo	Waru	Kepuhkiriman	61256
Kabupaten Sidoarjo	Waru	Berbek	61256
Kabupaten Sidoarjo	Waru	Bungurasih	61256
Kabupaten Sidoarjo	Waru	Jatisari	61256
Kabupaten Sidoarjo	Waru	Pepelegi	61256
Kabupaten Sidoarjo	Waru	Waru	61256
Kabupaten Sidoarjo	Waru	Kedungrejo	61256
Kabupaten Sidoarjo	Waru	Medaeng	61256
Kabupaten Sidoarjo	Waru	Tambaksumur	61256
Kabupaten Sidoarjo	Waru	Tambakrejo	61256
Kabupaten Sidoarjo	Waru	Tambakoso	61256
Kota Surabaya	Wonocolo	Siwalankerto	60236
Kota Surabaya	Wonocolo	Jemur Wonosari	60237
Kota Surabaya	Wonocolo	Margorejo	60238
Kota Surabaya	Wonocolo	Sidosermo	60239
Kota Surabaya	Wonocolo	Bendul Merisi	60239
Kota Surabaya	Gayungan	Menanggal	60234
Kota Surabaya	Gayungan	Dukuh Menanggal	60234
Kota Surabaya	Gayungan	Gayungan	60235
Kota Surabaya	Gayungan	Ketintang	60231
Kota Surabaya	Gunung Anyar	Rungkut Menanggal	60293
Kota Surabaya	Gunung Anyar	Rungkut Tengah	60293
Kota Surabaya	Gunung Anyar	Gunung Anyar	60294
Kota Surabaya	Gunung Anyar	Gunung Anyar Tambak	60294
Kabupaten Sidoarjo	Gedangan	Bangah	61254
Kabupaten Sidoarjo	Gedangan	Sawotratas	61254
Kabupaten Sidoarjo	Gedangan	Keboansikep	61254
Kabupaten Sidoarjo	Gedangan	Keboananom	61254
Kabupaten Sidoarjo	Gedangan	Gedangan	61254
Kabupaten Sidoarjo	Gedangan	Ketajen	61254
Kabupaten Sidoarjo	Gedangan	Ganting	61254
Kabupaten Sidoarjo	Gedangan	Kragan	61254
Kabupaten Sidoarjo	Gedangan	Tebel	61254
Kabupaten Sidoarjo	Gedangan	Punggul	61254
Kabupaten Sidoarjo	Gedangan	Semambung	61254
Kabupaten Sidoarjo	Gedangan	Sruni	61254
Kabupaten Sidoarjo	Gedangan	Wedi	61254
Kabupaten Sidoarjo	Gedangan	Karangbong	61254
Kabupaten Sidoarjo	Sedati	Semampir	61253
Kabupaten Sidoarjo	Sedati	Pabean	61253
Kabupaten Sidoarjo	Sedati	Sedati Gede	61253
Kabupaten Sidoarjo	Sedati	Sedati Agung	61253
Kabupaten Sidoarjo	Sedati	Pepe	61253
Kabupaten Sidoarjo	Sedati	Betro	61253
Kabupaten Sidoarjo	Sedati	Pranti	61253
Kabupaten Sidoarjo	Sedati	Kwangsan	61253
Kabupaten Sidoarjo	Sedati	Pulungan	61253
Kabupaten Sidoarjo	Sedati	Cemandi	61253
Kabupaten Sidoarjo	Sedati	Tambakcemandi	61253
Kabupaten Sidoarjo	Sedati	Kalanganyar	61253
Kabupaten Sidoarjo	Sedati	Buncitan	61253
Kabupaten Sidoarjo	Sedati	Segoro Tambak	61253
Kabupaten Sidoarjo	Sedati	Gisikdrono	61253
Kabupaten Sidoarjo	Taman	Wage	61257
Kabupaten Sidoarjo	Taman	Sepanjang	61257
Kabupaten Sidoarjo	Taman	Wonocolo	61257
Kabupaten Sidoarjo	Taman	Taman	61257
Kabupaten Sidoarjo	Taman	Kalijaten	61257
Kabupaten Sidoarjo	Taman	Bohar	61257
Kabupaten Sidoarjo	Taman	Geluran	61257
Kabupaten Sidoarjo	Taman	Ngelom	61257
Kabupaten Sidoarjo	Taman	Sadang	61257
Kabupaten Sidoarjo	Taman	Sambibulu	61257
Kabupaten Sidoarjo	Taman	Bringinbendo	61257
Kabupaten Sidoarjo	Taman	Karangbong	61257
Kabupaten Sidoarjo	Taman	Sidodadi	61257
Kabupaten Sidoarjo	Taman	Tawangsari	61257
Kabupaten Sidoarjo	Taman	Trosobo	61257
Kota Surabaya	Tenggilis Mejoyo	Kutisari	60291
Kota Surabaya	Tenggilis Mejoyo	Kendangsari	60292
Kota Surabaya	Tenggilis Mejoyo	Tenggilis Mejoyo	60292
Kota Surabaya	Tenggilis Mejoyo	Panjang Jiwo	60299
Kota Surabaya	Rungkut	Rungkut Kidul	60293
Kota Surabaya	Rungkut	Kalirungkut	60293
Kota Surabaya	Rungkut	Penjaringansari	60297
Kota Surabaya	Rungkut	Kedung Baruk	60298
Kota Surabaya	Rungkut	Medokan Ayu	60295
Kota Surabaya	Rungkut	Wonorejo	60296
Kota Surabaya	Jambangan	Pagesangan	60233
Kota Surabaya	Jambangan	Kebonsari	60233
Kota Surabaya	Jambangan	Jambangan	60232
Kota Surabaya	Jambangan	Karah	60232
Kota Surabaya	Wonokromo	Jagir	60244
Kota Surabaya	Wonokromo	Wonokromo	60243
Kota Surabaya	Wonokromo	Ngagelrejo	60245
Kota Surabaya	Wonokromo	Ngagel	60246
Kota Surabaya	Wonokromo	Sawunggaling	60242
Kota Surabaya	Wonokromo	Darmo	60241
Kota Surabaya	Karang Pilang	Kedurus	60223
Kota Surabaya	Karang Pilang	Kebraon	60222
Kota Surabaya	Karang Pilang	Karang Pilang	60221
Kota Surabaya	Karang Pilang	Warugunung	60221
Kabupaten Sidoarjo	Buduran	Sidokerto	61252
Kabupaten Sidoarjo	Buduran	Wadungasih	61252
Kabupaten Sidoarjo	Buduran	Buduran	61252
Kabupaten Sidoarjo	Buduran	Sidomulyo	61252
Kabupaten Sidoarjo	Buduran	Pagerwojo	61252
Kabupaten Sidoarjo	Buduran	Siwalanpanji	61252
Kabupaten Sidoarjo	Buduran	Entalsewu	61252
Kabupaten Sidoarjo	Buduran	Dukuhtengah	61252
Kabupaten Sidoarjo	Buduran	Sidoklumpuk	61252
Kabupaten Sidoarjo	Buduran	Mergosari	61252
Kabupaten Sidoarjo	Buduran	Sukorejo	61252
Kabupaten Sidoarjo	Buduran	Prasung	61252
Kabupaten Sidoarjo	Buduran	Damarsi	61252
Kabupaten Sidoarjo	Buduran	Sawohan	61252
Kabupaten Sidoarjo	Sukodono	Jumputrejo	61258
Kabupaten Sidoarjo	Sukodono	Klopo Sepuluh	61258
Kabupaten Sidoarjo	Sukodono	Masangan Wetan	61258
Kabupaten Sidoarjo	Sukodono	Masangan Kulon	61258
Kabupaten Sidoarjo	Sukodono	Ngaresrejo	61258
Kabupaten Sidoarjo	Sukodono	Sukodono	61258
Kabupaten Sidoarjo	Sukodono	Pekarungan	61258
Kabupaten Sidoarjo	Sukodono	Suko	61258
Kabupaten Sidoarjo	Sukodono	Panjunan	61258
Kabupaten Sidoarjo	Sukodono	Pademonegoro	61258
Kabupaten Sidoarjo	Sukodono	Anggaswangi	61258
Kabupaten Sidoarjo	Sukodono	Suruh	61258
Kabupaten Sidoarjo	Sukodono	Bangsri	61258
Kabupaten Sidoarjo	Sukodono	Begodo	61258
Kabupaten Sidoarjo	Sukodono	Kebonagung	61258
Kabupaten Sidoarjo	Sukodono	Plumbungan	61258
Kabupaten Sidoarjo	Sukodono	Terung Kulon	61258
Kota Surabaya	Wiyung	Jajar Tunggal	60229
Kota Surabaya	Wiyung	Wiyung	60228
Kota Surabaya	Wiyung	Balas Klumprik	60222
Kota Surabaya	Wiyung	Babatan	60227
Kota Surabaya	Dukuh Pakis	Gunung Sari	60224
Kota Surabaya	Dukuh Pakis	Dukuh Pakis	60225
Kota Surabaya	Dukuh Pakis	Dukuh Kupang	60225
Kota Surabaya	Dukuh Pakis	Pradah Kalikendal	60226
Kabupaten Sidoarjo	Sidoarjo (Kota)	Magersari	61211
Kabupaten Sidoarjo	Sidoarjo (Kota)	Pucang	61219
Kabupaten Sidoarjo	Sidoarjo (Kota)	Lemahputro	61213
Kabupaten Sidoarjo	Sidoarjo (Kota)	Sidokumpul	61218
Kabupaten Sidoarjo	Sidoarjo (Kota)	Celep	61215
Kabupaten Sidoarjo	Sidoarjo (Kota)	Kemiri	61234
Kabupaten Sidoarjo	Sidoarjo (Kota)	Sidokare	61214
Kabupaten Sidoarjo	Sidoarjo (Kota)	Bulusidokare	61216
Kabupaten Sidoarjo	Sidoarjo (Kota)	Sekardangan	61217
Kabupaten Sidoarjo	Sidoarjo (Kota)	Bluru Kidul	61233
Kabupaten Sidoarjo	Sidoarjo (Kota)	Sarirogo	61234
Kabupaten Sidoarjo	Sidoarjo (Kota)	Sidomulyo	61212
Kabupaten Sidoarjo	Sidoarjo (Kota)	Sumput	61234
Kabupaten Sidoarjo	Sidoarjo (Kota)	Rangkah Kidul	61232
Kabupaten Sidoarjo	Sidoarjo (Kota)	Urangagung	61225
Kabupaten Sidoarjo	Sidoarjo (Kota)	Gebang	61231
Kota Surabaya	Gubeng	Barata Jaya	60284
Kota Surabaya	Gubeng	Pucangsewu	60283
Kota Surabaya	Gubeng	Kertajaya	60282
Kota Surabaya	Gubeng	Airlangga	60286
Kota Surabaya	Gubeng	Gubeng	60281
Kota Surabaya	Gubeng	Mojo	60285
Kota Surabaya	Sukolilo	Semolowaru	60119
Kota Surabaya	Sukolilo	Nginden Jangkungan	60118
Kota Surabaya	Sukolilo	Menur Pumpungan	60118
Kota Surabaya	Sukolilo	Klampis Ngasem	60117
Kota Surabaya	Sukolilo	Medokan Semampir	60119
Kota Surabaya	Sukolilo	Gebang Putih	60117
Kota Surabaya	Sukolilo	Keputih	60111
Kota Surabaya	Tegalsari	Keputran	60265
Kota Surabaya	Tegalsari	Wonorejo	60263
Kota Surabaya	Tegalsari	Tegalsari	60261
Kota Surabaya	Tegalsari	Dr. Soetomo	60264
Kota Surabaya	Tegalsari	Kedungdoro	60262
Kota Surabaya	Sawahan	Pakis	60256
Kota Surabaya	Sawahan	Sawahan	60251
Kota Surabaya	Sawahan	Putat Jaya	60255
Kota Surabaya	Sawahan	Banyu Urip	60254
Kota Surabaya	Sawahan	Petemon	60252
Kota Surabaya	Sawahan	Kupang Krajan	60253
Kabupaten Sidoarjo	Candi	Sumokali	61271
Kabupaten Sidoarjo	Candi	Tenggulunan	61271
Kabupaten Sidoarjo	Candi	Candi	61271
Kabupaten Sidoarjo	Candi	Bligo	61271
Kabupaten Sidoarjo	Candi	Larangan	61271
Kabupaten Sidoarjo	Candi	Sugihwaras	61271
Kabupaten Sidoarjo	Candi	Gelam	61271
Kabupaten Sidoarjo	Candi	Wedi	61271
Kabupaten Sidoarjo	Candi	Ngampelsari	61271
Kabupaten Sidoarjo	Candi	Balongpoh	61271
Kabupaten Sidoarjo	Candi	Karangtanjung	61271
Kabupaten Sidoarjo	Candi	Kebonsari	61271
Kabupaten Sidoarjo	Candi	Klurak	61271
Kabupaten Sidoarjo	Candi	Samanhudi	61271
Kabupaten Sidoarjo	Candi	Sidodadi	61271
Kabupaten Sidoarjo	Candi	Durungbedug	61271
Kabupaten Sidoarjo	Candi	Durungbanjar	61271
Kabupaten Sidoarjo	Candi	Kedungkendo	61271
Kabupaten Sidoarjo	Candi	Pangkemiri	61271
Kabupaten Sidoarjo	Candi	Wedoroklurak	61271
Kabupaten Sidoarjo	Candi	Balonggabus	61271
Kabupaten Sidoarjo	Candi	Kedungpeluk	61271
Kabupaten Sidoarjo	Candi	Resongo	61271
Kabupaten Sidoarjo	Wonoayu	Popoh	61261
Kabupaten Sidoarjo	Wonoayu	Wonoayu	61261
Kabupaten Sidoarjo	Wonoayu	Sawocangkring	61261
Kabupaten Sidoarjo	Wonoayu	Jimbaran Wetan	61261
Kabupaten Sidoarjo	Wonoayu	Jimbaran Kulon	61261
Kabupaten Sidoarjo	Wonoayu	Mulyodadi	61261
Kabupaten Sidoarjo	Wonoayu	Lambangan	61261
Kabupaten Sidoarjo	Wonoayu	Ketimang	61261
Kabupaten Sidoarjo	Wonoayu	Semambung	61261
Kabupaten Sidoarjo	Wonoayu	Karangpuri	61261
Kabupaten Sidoarjo	Wonoayu	Candinegoro	61261
Kabupaten Sidoarjo	Wonoayu	Becirongengor	61261
Kabupaten Sidoarjo	Wonoayu	Pagerngumbuk	61261
Kabupaten Sidoarjo	Wonoayu	Ploso	61261
Kabupaten Sidoarjo	Wonoayu	Tanggungan	61261
Kabupaten Sidoarjo	Wonoayu	Wonokalang	61261
Kabupaten Sidoarjo	Wonoayu	Simo Wetan	61261
Kabupaten Sidoarjo	Wonoayu	Simo Kulon	61261
Kabupaten Sidoarjo	Krian	Barengkrajan	61262
Kabupaten Sidoarjo	Krian	Sidomojo	61262
Kabupaten Sidoarjo	Krian	Keboharan	61262
Kabupaten Sidoarjo	Krian	Ponokawan	61262
Kabupaten Sidoarjo	Krian	Kemasan	61262
Kabupaten Sidoarjo	Krian	Jerukgamping	61262
Kabupaten Sidoarjo	Krian	Katerungan	61262
Kabupaten Sidoarjo	Krian	Krian	61262
Kabupaten Sidoarjo	Krian	Tambakakrik	61262
Kabupaten Sidoarjo	Krian	Kraton	61262
Kabupaten Sidoarjo	Krian	Gamping	61262
Kabupaten Sidoarjo	Krian	Junwangi	61262
Kabupaten Sidoarjo	Krian	Sidorejo	61262
Kabupaten Sidoarjo	Krian	Sedenganmijen	61262
Kabupaten Sidoarjo	Krian	Sidomulyo	61262
Kabupaten Sidoarjo	Krian	Jatikalang	61262
Kabupaten Sidoarjo	Krian	Terungkulon	61262
Kabupaten Sidoarjo	Krian	Terungwetan	61262
Kabupaten Sidoarjo	Krian	Terik	61262
Kota Surabaya	Genteng	Embong Kaliasin	60271
Kota Surabaya	Genteng	Ketabang	60272
Kota Surabaya	Genteng	Genteng	60275
Kota Surabaya	Genteng	Peneleh	60274
Kota Surabaya	Genteng	Kapasari	60273
Kota Surabaya	Mulyorejo	Manyar Sabrangan	60116
Kota Surabaya	Mulyorejo	Mulyorejo	60115
Kota Surabaya	Mulyorejo	Kalijudan	60114
Kota Surabaya	Mulyorejo	Dukuh Sutorejo	60113
Kota Surabaya	Mulyorejo	Kalisari	60112
Kota Surabaya	Mulyorejo	Kejawan Putih Tambak	60112
Kota Surabaya	Sukomanunggal	Sonokwijenan	60189
Kota Surabaya	Sukomanunggal	Putat Gede	60189
Kota Surabaya	Sukomanunggal	Sukomanunggal	60188
Kota Surabaya	Sukomanunggal	Simomulyo	60181
Kota Surabaya	Sukomanunggal	Simomulyo Baru	60181
Kota Surabaya	Sukomanunggal	Tanjungsari	60187
Kota Surabaya	Lakarsantri	Sumur Welut	60215
Kota Surabaya	Lakarsantri	Bangkingan	60214
Kota Surabaya	Lakarsantri	Jeruk	60212
Kota Surabaya	Lakarsantri	Lakarsantri	60211
Kota Surabaya	Lakarsantri	Lidah Kulon	60213
Kota Surabaya	Lakarsantri	Lidah Wetan	60213
Kota Surabaya	Bubutan	Tembok Dukuh	60172
Kota Surabaya	Bubutan	Bubutan	60174
Kota Surabaya	Bubutan	Alun-Alun Contong	60174
Kota Surabaya	Bubutan	Gundih	60172
Kota Surabaya	Bubutan	Jepara	60171
Kota Surabaya	Simokerto	Tambak Rejo	60142
Kota Surabaya	Simokerto	Simokerto	60143
Kota Surabaya	Simokerto	Sidodadi	60145
Kota Surabaya	Simokerto	Kapasan	60141
Kota Surabaya	Simokerto	Simolawang	60144
Kota Surabaya	Tambaksari	Pacarkeling	60131
Kota Surabaya	Tambaksari	Pacarkembang	60132
Kota Surabaya	Tambaksari	Ploso	60133
Kota Surabaya	Tambaksari	Tambaksari	60136
Kota Surabaya	Tambaksari	Rangkah	60135
Kota Surabaya	Tambaksari	Gading	60134
Kota Surabaya	Tambaksari	Kapasmadya Baru	60137
Kota Surabaya	Tambaksari	Dukuh Setro	60137
Kota Surabaya	Sambikerep	Lontar	60216
Kota Surabaya	Sambikerep	Sambikerep	60217
Kota Surabaya	Sambikerep	Bringin	60218
Kota Surabaya	Sambikerep	Made	60219
Kota Surabaya	Tandes	Karang Poh	60185
Kota Surabaya	Tandes	Tandes	60187
Kota Surabaya	Tandes	Balongsari	60186
Kota Surabaya	Tandes	Manukan Wetan	60185
Kota Surabaya	Tandes	Manukan Kulon	60185
Kota Surabaya	Tandes	Banjar Sugihan	60184
Kota Surabaya	Asemrowo	Asemrowo	60182
Kota Surabaya	Asemrowo	Genting Kalianak	60183
Kota Surabaya	Asemrowo	Tambak Sarioso	60184
Kabupaten Sidoarjo	Tanggulangin	Ngaban	61272
Kabupaten Sidoarjo	Tanggulangin	Kedensari	61272
Kabupaten Sidoarjo	Tanggulangin	Tanggulangin	61272
Kabupaten Sidoarjo	Tanggulangin	Kludan	61272
Kabupaten Sidoarjo	Tanggulangin	Kalitengah	61272
Kabupaten Sidoarjo	Tanggulangin	Kalisampurno	61272
Kabupaten Sidoarjo	Tanggulangin	Boro	61272
Kabupaten Sidoarjo	Tanggulangin	Ketegan	61272
Kabupaten Sidoarjo	Tanggulangin	Randegan	61272
Kabupaten Sidoarjo	Tanggulangin	Sentul	61272
Kabupaten Sidoarjo	Tanggulangin	Putat	61272
Kabupaten Sidoarjo	Tanggulangin	Ganggangpanjang	61272
Kabupaten Sidoarjo	Tanggulangin	Banjarasri	61272
Kabupaten Sidoarjo	Tanggulangin	Kedungbendo	61272
Kabupaten Sidoarjo	Tanggulangin	Kalidawir	61272
Kabupaten Sidoarjo	Tanggulangin	Kedungbanteng	61272
Kabupaten Sidoarjo	Tanggulangin	Banjarpanji	61272
Kabupaten Sidoarjo	Tanggulangin	Penatarsewu	61272
Kabupaten Sidoarjo	Tulangan	Kemantren	61273
Kabupaten Sidoarjo	Tulangan	Tulangan	61273
Kabupaten Sidoarjo	Tulangan	Kepadangan	61273
Kabupaten Sidoarjo	Tulangan	Kajeksan	61273
Kabupaten Sidoarjo	Tulangan	Kebaron	61273
Kabupaten Sidoarjo	Tulangan	Sudimoro	61273
Kabupaten Sidoarjo	Tulangan	Modong	61273
Kabupaten Sidoarjo	Tulangan	Jiken	61273
Kabupaten Sidoarjo	Tulangan	Singopadu	61273
Kabupaten Sidoarjo	Tulangan	Tlasih	61273
Kabupaten Sidoarjo	Tulangan	Griting	61273
Kabupaten Sidoarjo	Tulangan	Buko	61273
Kabupaten Sidoarjo	Tulangan	Pangkemiri	61273
Kabupaten Sidoarjo	Tulangan	Kedungbanteng	61273
Kabupaten Sidoarjo	Prambon	Simogirang	61264
Kabupaten Sidoarjo	Prambon	Simoangin-angin	61264
Kabupaten Sidoarjo	Prambon	Wirobiting	61264
Kabupaten Sidoarjo	Prambon	Prambon	61264
Kabupaten Sidoarjo	Prambon	Bulang	61264
Kabupaten Sidoarjo	Prambon	Bendotretek	61264
Kabupaten Sidoarjo	Prambon	Temu	61264
Kabupaten Sidoarjo	Prambon	Watutulis	61264
Kabupaten Sidoarjo	Prambon	Pehkulon	61264
Kabupaten Sidoarjo	Prambon	Jedongcangkring	61264
Kabupaten Sidoarjo	Prambon	Wonoplintahan	61264
Kabupaten Sidoarjo	Prambon	Kajartrengguli	61264
Kabupaten Sidoarjo	Prambon	Kedungwonokerto	61264
Kabupaten Sidoarjo	Prambon	Kedungkembar	61264
Kabupaten Sidoarjo	Prambon	Gadingmangu	61264
Kabupaten Sidoarjo	Balongbendo	Jabaran	61263
Kabupaten Sidoarjo	Balongbendo	Balongbendo	61263
Kabupaten Sidoarjo	Balongbendo	Wonokupang	61263
Kabupaten Sidoarjo	Balongbendo	Seduri	61263
Kabupaten Sidoarjo	Balongbendo	Kemangsen	61263
Kabupaten Sidoarjo	Balongbendo	Penambangan	61263
Kabupaten Sidoarjo	Balongbendo	Seketi	61263
Kabupaten Sidoarjo	Balongbendo	Watesari	61263
Kabupaten Sidoarjo	Balongbendo	Sumokembangsri	61263
Kabupaten Sidoarjo	Balongbendo	Jeruklegi	61263
Kabupaten Sidoarjo	Balongbendo	Suwaluh	61263
Kabupaten Sidoarjo	Balongbendo	Bakalan Wringinpitu	61263
Kabupaten Sidoarjo	Balongbendo	Bogempinggiran	61263
Kabupaten Sidoarjo	Balongbendo	Kedungsukodani	61263
Kabupaten Sidoarjo	Balongbendo	Singkalan	61263
Kabupaten Sidoarjo	Balongbendo	Pagerngumbuk	61263
Kabupaten Sidoarjo	Balongbendo	Waruberon	61263
Kabupaten Sidoarjo	Balongbendo	Bakung Temenggungan	61263
Kabupaten Sidoarjo	Porong	Siring	61274
Kabupaten Sidoarjo	Porong	Mindi	61274
Kabupaten Sidoarjo	Porong	Gedang	61274
Kabupaten Sidoarjo	Porong	Porong	61274
Kabupaten Sidoarjo	Porong	Juwetkenongo	61274
Kabupaten Sidoarjo	Porong	Pamotan	61274
Kabupaten Sidoarjo	Porong	Plumbon	61274
Kabupaten Sidoarjo	Porong	Glagaharum	61274
Kabupaten Sidoarjo	Porong	Candipari	61274
Kabupaten Sidoarjo	Porong	Wunut	61274
Kabupaten Sidoarjo	Porong	Kebonagung	61274
Kabupaten Sidoarjo	Porong	Lajuk	61274
Kabupaten Sidoarjo	Porong	Pesawahan	61274
Kabupaten Sidoarjo	Porong	Kedungbendo	61274
Kabupaten Sidoarjo	Porong	Kesambi	61274
Kabupaten Sidoarjo	Porong	Kedungsolo	61274
Kabupaten Sidoarjo	Krembung	Krembung	61275
Kabupaten Sidoarjo	Krembung	Cangkring	61275
Kabupaten Sidoarjo	Krembung	Keper	61275
Kabupaten Sidoarjo	Krembung	Keret	61275
Kabupaten Sidoarjo	Krembung	Mojoruntut	61275
Kabupaten Sidoarjo	Krembung	Gading	61275
Kabupaten Sidoarjo	Krembung	Rejeni	61275
Kabupaten Sidoarjo	Krembung	Lemujut	61275
Kabupaten Sidoarjo	Krembung	Jenggot	61275
Kabupaten Sidoarjo	Krembung	Ploso	61275
Kabupaten Sidoarjo	Krembung	Wangkal	61275
Kabupaten Sidoarjo	Krembung	Tambakrejo	61275
Kabupaten Sidoarjo	Krembung	Kandangan	61275
Kabupaten Sidoarjo	Krembung	Tanjekwagir	61275
Kabupaten Sidoarjo	Krembung	Wonomlati	61275
Kabupaten Sidoarjo	Tarik	Mergosari	61265
Kabupaten Sidoarjo	Tarik	Mergobener	61265
Kabupaten Sidoarjo	Tarik	Tarik	61265
Kabupaten Sidoarjo	Tarik	Janti	61265
Kabupaten Sidoarjo	Tarik	Kalimati	61265
Kabupaten Sidoarjo	Tarik	Banjarwungu	61265
Kabupaten Sidoarjo	Tarik	Singogalih	61265
Kabupaten Sidoarjo	Tarik	Kemuning	61265
Kabupaten Sidoarjo	Tarik	Mindugading	61265
Kabupaten Sidoarjo	Tarik	Gampingrowo	61265
Kabupaten Sidoarjo	Tarik	Kramattemanggung	61265
Kabupaten Sidoarjo	Tarik	Kedungbocok	61265
Kabupaten Sidoarjo	Tarik	Mulyodadi	61265
Kabupaten Sidoarjo	Jabon	Jabon	61276
Kabupaten Sidoarjo	Jabon	Dukuhsari	61276
Kabupaten Sidoarjo	Jabon	Trompoasri	61276
Kabupaten Sidoarjo	Jabon	Panggreh	61276
Kabupaten Sidoarjo	Jabon	Balongtani	61276
Kabupaten Sidoarjo	Jabon	Pejarakan	61276
Kabupaten Sidoarjo	Jabon	Permisan	61276
Kabupaten Sidoarjo	Jabon	Kedungcangkring	61276
Kabupaten Sidoarjo	Jabon	Kedungpandan	61276
Kabupaten Sidoarjo	Jabon	Kupang	61276
Kabupaten Sidoarjo	Jabon	Semambung	61276
Kabupaten Sidoarjo	Jabon	Tambakkalangan	61276
Kabupaten Sidoarjo	Jabon	Kupang Baru	61276
Kabupaten Sidoarjo	Jabon	Besuki	61276
Kota Surabaya	Pabean Cantian	Bongkaran	60161
Kota Surabaya	Pabean Cantian	Nyamplungan	60162
Kota Surabaya	Pabean Cantian	Krembangan Utara	60163
Kota Surabaya	Pabean Cantian	Perak Utara	60165
Kota Surabaya	Pabean Cantian	Tanjung Perak	60165
Kota Surabaya	Krembangan	Dupak	60179
Kota Surabaya	Krembangan	Kemayoran	60176
Kota Surabaya	Krembangan	Krembangan Selatan	60175
Kota Surabaya	Krembangan	Perak Barat	60177
Kota Surabaya	Krembangan	Morokrembangan	60178
Kota Surabaya	Semampir	Sidotopo	60152
Kota Surabaya	Semampir	Ampel	60151
Kota Surabaya	Semampir	Pegirian	60153
Kota Surabaya	Semampir	Wonokusumo	60154
Kota Surabaya	Semampir	Ujung	60155
Kota Surabaya	Kenjeran	Tanah Kalikedinding	60129
Kota Surabaya	Kenjeran	Sidotopo Wetan	60128
Kota Surabaya	Kenjeran	Bulakbanteng	60127
Kota Surabaya	Kenjeran	Tambakwedi	60126
Kota Surabaya	Bulak	Sukolilo Baru	60122
Kota Surabaya	Bulak	Bulak	60124
Kota Surabaya	Bulak	Kedungcowek	60125
Kota Surabaya	Bulak	Kenjeran	60123
Kota Surabaya	Pakal	Babat Jerawat	60197
Kota Surabaya	Pakal	Pakal	60196
Kota Surabaya	Pakal	Sumberejo	60198
Kota Surabaya	Pakal	Benowo	60195
Kota Surabaya	Benowo	Kandangan	60199
Kota Surabaya	Benowo	Sememi	60198
Kota Surabaya	Benowo	Tambak Osowilangun	60191
Kota Surabaya	Benowo	Romokalisari	60192
